Metric	Count	Mean	Median	Min	Max	Q1	Q3	Std
Total_Mutations	193	11.435233	11.000000	1.000000	42.000000	6.000000	15.000000	6.752870
Non_Synonymous_Mutations	193	8.974093	9.000000	0.000000	34.000000	5.000000	12.000000	5.452862
TMB_Total_Normalized	193	0.189147	0.181948	0.016541	0.694709	0.099244	0.248110	0.111697
TMB_Non_Synonymous_Normalized	193	0.148438	0.148866	0.000000	0.562384	0.082703	0.198488	0.090194
